{
  "all": {
    "mobility": {
      "survey": [
        2.86363636,
        2.72727273,
        3.81818182,
        2.68181818,
        3.27272727,
        3.31818182,
        3.18181818,
        3.77272727,
        3.86363636,
        2.81818182,
        4.68181818,
        4.09090909
      ],
      "model": [
        0.26684279,
        0.13773868,
        0.17822381,
        0.24612998,
        0.1355565,
        0.19959669,
        0.31723457,
        0.18548091,
        0.17483659,
        0.16240846,
        0.46349292,
        0.22153209
      ]
    },
    "economic vitality": {
      "survey": [
        4.36363636,
        3.13636364,
        4.0,
        2.63636364,
        3.13636364,
        3.36363636,
        4.13636364,
        4.36363636,
        4.27272727,
        3.09090909,
        3.86363636,
        3.68181818
      ],
      "model": [
        0.43727095,
        0.24318985,
        0.34605561,
        0.35735389,
        0.29055154,
        0.31188708,
        0.52324158,
        0.35394031,
        0.32772565,
        0.32971414,
        0.43449561,
        0.33539249
      ]
    },
    "safety": {
      "survey": [
        2.36363636,
        2.31818182,
        2.27272727,
        4.27272727,
        3.63636364,
        3.27272727,
        3.63636364,
        2.18181818,
        2.22727273,
        2.36363636,
        3.0,
        2.72727273
      ],
      "model": [
        0.2336945,
        0.1623983,
        0.10566964,
        0.32563366,
        0.21460433,
        0.19509986,
        0.31366056,
        0.12098296,
        0.11454233,
        0.10180745,
        0.43037137,
        0.17509143
      ]
    },
    "livability": {
      "survey": [
        2.63636364,
        3.31818182,
        3.86363636,
        3.27272727,
        4.36363636,
        4.40909091,
        4.45454545,
        3.63636364,
        3.63636364,
        3.31818182,
        3.90909091,
        2.0
      ],
      "model": [
        0.31052578,
        0.21434141,
        0.27527266,
        0.28023791,
        0.24999535,
        0.2631772,
        0.56135222,
        0.25284688,
        0.28042555,
        0.2699198,
        0.40436018,
        0.30147191
      ]
    },
    "convenience": {
      "survey": [
        1.81818182,
        2.22727273,
        3.90909091,
        3.31818182,
        3.63636364,
        3.95454545,
        3.59090909,
        4.0,
        3.13636364,
        2.59090909,
        4.59090909,
        1.81818182
      ],
      "model": [
        0.39498451,
        0.24740561,
        0.40414025,
        0.36870837,
        0.37438493,
        0.3633521,
        0.50978849,
        0.52327762,
        0.33337636,
        0.32676101,
        0.49744938,
        0.34403881
      ]
    },
    "comfort": {
      "survey": [
        2.13636364,
        2.5,
        3.77272727,
        3.54545455,
        3.54545455,
        4.09090909,
        4.31818182,
        3.5,
        3.45454545,
        3.22727273,
        3.72727273,
        2.31818182
      ],
      "model": [
        0.34248336,
        0.22678635,
        0.37708112,
        0.2815324,
        0.30116486,
        0.3117162,
        0.58302419,
        0.34402116,
        0.4185618,
        0.41074707,
        0.45611913,
        0.42062458
      ]
    },
    "elder friendliness": {
      "survey": [
        1.40909091,
        1.63636364,
        3.09090909,
        4.09090909,
        4.63636364,
        4.5,
        3.90909091,
        3.31818182,
        2.5,
        2.86363636,
        3.63636364,
        2.36363636
      ],
      "model": [
        0.30472388,
        0.20741265,
        0.25885453,
        0.33791741,
        0.3668457,
        0.27120416,
        0.53495708,
        0.23839811,
        0.31361715,
        0.29875488,
        0.40625702,
        0.29637605
      ]
    },
    "romance": {
      "survey": [
        1.4,
        1.4,
        3.85,
        1.36363636,
        1.75,
        3.5,
        3.05,
        3.55,
        4.6,
        3.5,
        2.4,
        4.45
      ],
      "model": [
        0.2618277,
        0.15946881,
        0.4027446,
        0.10883428,
        0.16066526,
        0.18268907,
        0.38966519,
        0.2649674,
        0.38355075,
        0.29449322,
        0.30289594,
        0.43376578
      ]
    }
  },
  "def": {
    "mobility": {
      "survey": [
        2.86363636,
        2.72727273,
        3.81818182,
        2.68181818,
        3.27272727,
        3.31818182,
        3.18181818,
        3.77272727,
        3.86363636,
        2.81818182,
        4.68181818,
        4.09090909
      ],
      "model": [
        0.13046168,
        0.06348202,
        0.06979341,
        0.13232044,
        0.10491673,
        0.15418999,
        0.15272321,
        0.10152449,
        0.13510051,
        0.18277626,
        0.15894012,
        0.11772606
      ]
    },
    "economic vitality": {
      "survey": [
        4.36363636,
        3.13636364,
        4.0,
        2.63636364,
        3.13636364,
        3.36363636,
        4.13636364,
        4.36363636,
        4.27272727,
        3.09090909,
        3.86363636,
        3.68181818
      ],
      "model": [
        0.17726694,
        0.0676596,
        0.07380592,
        0.08088643,
        0.08775619,
        0.0826166,
        0.09502238,
        0.13728077,
        0.05575185,
        0.06774513,
        -0.00276149,
        0.09235997
      ]
    },
    "safety": {
      "survey": [
        2.36363636,
        2.31818182,
        2.27272727,
        4.27272727,
        3.63636364,
        3.27272727,
        3.63636364,
        2.18181818,
        2.22727273,
        2.36363636,
        3.0,
        2.72727273
      ],
      "model": [
        0.04526488,
        0.11180284,
        0.04792079,
        0.11963943,
        0.0906268,
        0.12248867,
        0.08557818,
        0.06904196,
        0.03036841,
        0.03498332,
        0.19586298,
        0.06810816
      ]
    },
    "livability": {
      "survey": [
        2.63636364,
        3.31818182,
        3.86363636,
        3.27272727,
        4.36363636,
        4.40909091,
        4.45454545,
        3.63636364,
        3.63636364,
        3.31818182,
        3.90909091,
        2.0
      ],
      "model": [
        0.10148134,
        0.07912502,
        0.0586197,
        0.07331368,
        0.14334768,
        0.2105363,
        0.16919257,
        0.18835094,
        0.0968995,
        0.12523022,
        0.08178594,
        0.11478755
      ]
    },
    "convenience": {
      "survey": [
        1.81818182,
        2.22727273,
        3.90909091,
        3.31818182,
        3.63636364,
        3.95454545,
        3.59090909,
        4.0,
        3.13636364,
        2.59090909,
        4.59090909,
        1.81818182
      ],
      "model": [
        0.15502718,
        0.11987394,
        0.13957736,
        0.14336414,
        0.17692704,
        0.13041415,
        0.09679767,
        0.2698106,
        0.09929076,
        0.13346362,
        0.10576558,
        0.17328168
      ]
    },
    "comfort": {
      "survey": [
        2.13636364,
        2.5,
        3.77272727,
        3.54545455,
        3.54545455,
        4.09090909,
        4.31818182,
        3.5,
        3.45454545,
        3.22727273,
        3.72727273,
        2.31818182
      ],
      "model": [
        0.18068703,
        0.0516065,
        0.18943784,
        0.02449769,
        0.15321605,
        0.08958039,
        0.10033,
        0.21785346,
        0.17151524,
        0.11353284,
        0.17519018,
        0.2075756
      ]
    },
    "elder friendliness": {
      "survey": [
        1.40909091,
        1.63636364,
        3.09090909,
        4.09090909,
        4.63636364,
        4.5,
        3.90909091,
        3.31818182,
        2.5,
        2.86363636,
        3.63636364,
        2.36363636
      ],