{
  "Pair 1": [2.039889359, 15.2193699],
  "Pair 2": [4.904569429, 16.0213565],
  "Pair 3": [17.83146371, 27.31668444],
  "Pair 4": [-7.275494644, -1.131912763],
  "Pair 5": [-7.838937781, 1.98708593]
}
